# Lunzer et al 2005 dataset,,,,,,
# See ../Literature/lunzer2005.xlsx for details,,,,,,
#And the data are log-transformed as per our CODEG convention of transforming drug resistance and growth rate phenotypes,,,,,,
2,2,2,2,2,2,
R236D,?289?,?290?,V296A,Y337G,R341S,Log[E. coli IMDH mutant relative growth rates]
0,0,0,0,0,0,-0.000795052
0,0,0,1,0,0,-0.003000021
0,0,1,0,0,0,-0.002436264
0,0,1,1,0,0,-0.005674047
1,0,0,0,0,0,-0.008861678
1,0,0,1,0,0,-0.016549631
1,0,1,0,0,0,-0.014142589
1,0,1,1,0,0,-0.025349705
0,1,0,0,0,0,-0.004902962
0,1,0,1,0,0,-0.008301332
0,1,1,0,0,0,-0.007845173
0,1,1,1,0,0,-0.012672545
1,1,0,0,0,0,-0.017936464
1,1,0,1,0,0,-0.028466713
1,1,1,0,0,0,-0.025914521
1,1,1,1,0,0,-0.040775861
0,0,0,0,1,0,-0.006495434
0,0,0,1,1,0,-0.012263146
0,0,1,0,1,0,-0.010615153
0,0,1,1,1,0,-0.019017728
1,0,0,0,1,0,-0.027185044
1,0,0,1,1,0,-0.046812659
1,0,1,0,1,0,-0.040300506
1,0,1,1,1,0,-0.068221866
0,1,0,0,1,0,-0.015263915
0,1,0,1,1,0,-0.023596368
0,1,1,0,1,0,-0.021913568
0,1,1,1,1,0,-0.03360293
1,1,0,0,1,0,-0.045746875
1,1,0,1,1,0,-0.070806966
1,1,1,0,1,0,-0.063366642
1,1,1,1,1,0,-0.097640785
0,0,0,0,0,1,-0.006644904
0,0,0,1,0,1,-0.011023447
0,0,1,0,0,1,-0.010266382
0,0,1,1,0,1,-0.016491435
1,0,0,0,0,1,-0.023048754
1,0,0,1,0,1,-0.036716625
1,0,1,0,0,1,-0.032991483
1,0,1,1,0,1,-0.052195375
0,1,0,0,0,1,-0.016915227
0,1,0,1,0,1,-0.024148347
0,1,1,0,0,1,-0.022093572
0,1,1,1,0,1,-0.031588506
1,1,0,0,0,1,-0.041350126
1,1,0,1,0,1,-0.059583633
1,1,1,0,0,1,-0.052514323
1,1,1,1,0,1,-0.07610451
0,0,0,0,1,1,-0.019337729
0,0,0,1,1,1,-0.030040628
0,0,1,0,1,1,-0.027481973
0,0,1,1,1,1,-0.042454486
1,0,0,0,1,1,-0.05745673
1,0,0,1,1,1,-0.089410276
1,0,1,0,1,1,-0.079043336
1,0,1,1,1,1,-0.122253848
0,1,0,0,1,1,-0.036234832
0,1,0,1,1,1,-0.05137483
0,1,1,0,1,1,-0.045263641
0,1,1,1,1,1,-0.064575369
1,1,0,0,1,1,-0.082598482
1,1,0,1,1,1,-0.118865948
1,1,1,0,1,1,-0.101161324
1,1,1,1,1,1,-0.146229412