#Weinreich et al 2006 (no DOI!) and Tan et al 2011 10.1103/PhysRevLett.106.198102,,,,,,,,
# I actually log-2 converted and averaged and varianced my own data in a fresh worksheet in the Literature folder,,,,,,,,
#Tan MICs values reported in their supplemental table 1,,,,,,,,
#noise values available in Tan supplemental table 1. All data log-base-2 instead of base-10 but I'm not going to worry,,,,,,,,
2,2,2,2,2,,,,
g2405a,A42G,E104K,M182T,G238S,Log[MIC of E. coli TEM alleles against Cefotaxime],Var(Log[MIC]),#Log[MIC of E. coli TEM alleles against piperacillin supplemented with clavulanic acid],Var(Log[P+I MIC])
,,,,,0.000726106,,0.00678031,
0,0,0,0,0,-3.506352666,0,10.63,1.6428
0,0,0,0,1,0.485426827,0,0.33,0.5292
0,0,0,1,0,-3.827787129,0.077490086,16.9,1.2288
0,0,0,1,1,5,0,0.83,0.27
0,0,1,0,0,-2.974566775,0.267201283,16.23,1.9683
0,0,1,0,1,8.491853096,0,0.7,0.27
0,0,1,1,0,-2.630426283,0.073472144,22.8,0.3888
0,0,1,1,1,8.491853096,0,1,0.1875
0,1,0,0,0,-3.506352666,0,13.6,1.1907
0,1,0,0,1,4.523561956,0,0.5,0.1875
0,1,0,1,0,0.485426827,0,14.4,1.47
0,1,0,1,1,8.491853096,0,0.33,0.27
0,1,1,0,0,0.485426827,0,16.23,1.47
0,1,1,0,1,11.03617361,0,0.33,0.27
0,1,1,1,0,-0.329406047,0.081381258,15.6,1.1532
0,1,1,1,1,11.50183718,0,1,0.1875
1,0,0,0,0,-3.506352666,0,19.08,1.7787
1,0,0,0,1,0.485426827,0,0.017,0.27
1,0,0,1,0,-3.506352666,0,23.6,0.2187
1,0,0,1,1,8.491853096,0,1.67,0.27
1,0,1,0,0,-2.473931188,0,23.67,0.2187
1,0,1,0,1,8.491853096,0,0.67,0.27
1,0,1,1,0,-2.473931188,0,23.83,0.2187
1,0,1,1,1,11.03617361,0,1.83,0.5292
1,1,0,0,0,-3.506352666,0,21.98,1.1163
1,1,0,0,1,8.491853096,0,1.17,0.27
1,1,0,1,0,-3.506352666,0,18.22,1.2288
1,1,0,1,1,8.491853096,0,1.33,0.27
1,1,1,0,0,0.990284551,0.250070792,23.75,0.2352
1,1,1,0,1,10.71255573,0.078546402,1.67,0.27
1,1,1,1,0,0.485426827,0,23.92,0.2352
1,1,1,1,1,15.32333629,0,1.83,0.27